CustomerID,0,1,2
C0001,"('C0065', np.float64(0.8995838125336818))","('C0044', np.float64(0.8975886955022933))","('C0013', np.float64(0.8936148895759173))"
C0002,"('C0171', np.float64(0.9342290397004156))","('C0179', np.float64(0.9342290397004156))","('C0108', np.float64(0.9341690257932193))"
C0003,"('C0065', np.float64(0.871036065485567))","('C0044', np.float64(0.8695993435195478))","('C0171', np.float64(0.866676109988166))"
C0004,"('C0171', np.float64(0.9341038159482925))","('C0179', np.float64(0.9341038159482925))","('C0108', np.float64(0.9340486467719797))"
