CustomerID,0,1,2
C0001,"('C0050', np.float64(1.0))","('C0102', np.float64(1.0))","('C0001', np.float64(1.0))"
C0002,"('C0049', np.float64(1.0))","('C0077', np.float64(0.9999979587770134))","('C0109', np.float64(0.9999979587770134))"
C0003,"('C0067', np.float64(1.0))","('C0163', np.float64(1.0))","('C0117', np.float64(0.9994223925250985))"
C0004,"('C0199', np.float64(0.9999999999999998))","('C0072', np.float64(0.9999999999999998))","('C0084', np.float64(0.9999999999999998))"
