CustomerID,0,1,2
C0001,"('C0165', np.float64(0.9999999999999997))","('C0050', np.float64(0.9999999999999997))","('C0102', np.float64(0.9999999999999997))"
C0002,"('C0049', np.float64(1.0))","('C0077', np.float64(0.9999999986606461))","('C0109', np.float64(0.9999999986606461))"
C0003,"('C0163', np.float64(1.0))","('C0003', np.float64(1.0))","('C0117', np.float64(0.9999999981151276))"
C0004,"('C0175', np.float64(1.0))","('C0022', np.float64(1.0))","('C0084', np.float64(1.0))"
